<?xml version="1.0" encoding="UTF-8"?>
<ProjectsViewInfo>
	<DiagramOpenInfos activeDiagramId="0w1iNcmCu9m.Dwbi">
		<Info bounds="Re:0.0,0.0,984.0,602.0" diagramId="0w1iNcmCu9m.Dwbi" maximized="true" offsetX="0" offsetY="0"/>
	</DiagramOpenInfos>
	<DiagramLastActivated>
		<Diagram id="0w1iNcmCu9m.Dwbi" time="1734365345039"/>
		<Diagram id="Use Case Statement" time="0"/>
		<Diagram id="Use Case" time="0"/>
		<Diagram id="User Story" time="0"/>
		<Diagram id="Sprint" time="0"/>
		<Diagram id="Agile" time="0"/>
	</DiagramLastActivated>
</ProjectsViewInfo>