﻿[
  {
    "n": {
      "identity": 0,
      "labels": [
        "User"
      ],
      "properties": {
        "password": "password1",
        "max_bench": 100,
        "progams_completed": 1,
        "trainings_completed": 9,
        "max_deadlift": 170,
        "max_squat": 140,
        "create_date": "2024-12-31",
        "sets_completed": 21,
        "email": "user1@email.com",
        "total_tonnage": 20000,
        "status": "active",
        "username": "user1"
      },
      "elementId": "4:724e8476-4eb5-477d-af18-2ce1d98a9a5a:0"
    }
  },
  {
    "n": {
      "identity": 1,
      "labels": [
        "User"
      ],
      "properties": {
        "password": "password2",
        "max_bench": 125,
        "progams_completed": 0,
        "trainings_completed": 1,
        "max_deadlift": 210,
        "max_squat": 170,
        "create_date": "2025-05-01",
        "sets_completed": 12,
        "email": "user2@email.com",
        "total_tonnage": 20000,
        "status": "active",
        "username": "user2"
      },
      "elementId": "4:724e8476-4eb5-477d-af18-2ce1d98a9a5a:1"
    }
  },
  {
    "n": {
      "identity": 2,
      "labels": [
        "User"
      ],
      "properties": {
        "password": "password3",
        "max_bench": 60,
        "progams_completed": 0,
        "trainings_completed": 0,
        "max_deadlift": 100,
        "max_squat": 90,
        "create_date": "2025-05-27",
        "sets_completed": 0,
        "email": "user3@email.com",
        "total_tonnage": 0,
        "status": "inactive",
        "username": "user3"
      },
      "elementId": "4:724e8476-4eb5-477d-af18-2ce1d98a9a5a:2"
    }
  },
  {
    "n": {
      "identity": 3,
      "labels": [
        "TrainingProgram"
      ],
      "properties": {
        "amount_of_sleep": 9,
        "was_tracking_nutrition": true,
        "was_tracking_sleep": true,
        "training_method": "Texas Method",
        "personal_evaluation": 10,
        "username": "user1"
      },
      "elementId": "4:724e8476-4eb5-477d-af18-2ce1d98a9a5a:3"
    }
  },
  {
    "n": {
      "identity": 4,
      "labels": [
        "TrainingProgram"
      ],
      "properties": {
        "amount_of_sleep": 0,
        "was_tracking_nutrition": false,
        "was_tracking_sleep": false,
        "training_method": "Condense Conjugate",
        "personal_evaluation": 0,
        "username": "user2"
      },
      "elementId": "4:724e8476-4eb5-477d-af18-2ce1d98a9a5a:4"
    }
  },
  {
    "n": {
      "identity": 5,
      "labels": [
        "Exercise"
      ],
      "properties": {
        "description": "Squat performed in a bilateral stance, with a barbell placed in a high-bar or a low-bar position, performed to a competition required depth",
        "category": "Global",
        "exercise_name": "Back Squat",
        "target_muscle_groups": [
          "Upper back",
          "Lower back",
          "Glutes",
          "Adductors",
          "Abdominals",
          "Hamstrings",
          "Quadriceps",
          "Calves"
        ],
        "movement_patterns": [
          "Extension",
          "Anti-Flexion",
          "Anti-Extension",
          "Squat"
        ]
      },
      "elementId": "4:724e8476-4eb5-477d-af18-2ce1d98a9a5a:5"
    }
  },
  {
    "n": {
      "identity": 6,
      "labels": [
        "Exercise"
      ],
      "properties": {
        "description": "Pressing in the laying position on a flat bench, performed to a competition standards",
        "category": "Global",
        "exercise_name": "Bench Press",
        "target_muscle_groups": [
          "Triceps",
          "Shoulders",
          "Pectorals",
          "Forearms",
          "Upper Back",
          "Lats",
          "Lower Back",
          "Glutes"
        ],
        "movement_patterns": [
          "Anti-Flexion",
          "Extension",
          "Horizontal Push"
        ]
      },
      "elementId": "4:724e8476-4eb5-477d-af18-2ce1d98a9a5a:6"
    }
  },
  {
    "n": {
      "identity": 7,
      "labels": [
        "Exercise"
      ],
      "properties": {
        "description": "Performed in a conventional or a sumo stance, every repetition must be initiated off the ground from a dead-stop",
        "category": "Global",
        "exercise_name": "Deadlift",
        "target_muscle_groups": [
          "Forearms",
          "Neck",
          "Upper back",
          "Lats",
          "Lower back",
          "Glutes",
          "Adductors",
          "Abdominals",
          "Hamstrings",
          "Quadriceps",
          "Calves"
        ],
        "movement_patterns": [
          "Extension",
          "Anti-Flexion",
          "Hip Hinge"
        ]
      },
      "elementId": "4:724e8476-4eb5-477d-af18-2ce1d98a9a5a:7"
    }
  },
  {
    "n": {
      "identity": 8,
      "labels": [
        "Exercise"
      ],
      "properties": {
        "description": "Performed with a barbell placed on shoulders in front of the neck, in a front rack position, performed to a full depth",
        "category": "Global",
        "exercise_name": "Front Squat",
        "target_muscle_groups": [
          "Shoulders",
          "Forearms",
          "Upper back",
          "Lower back",
          "Glutes",
          "Adductors",
          "Abdominals",
          "Hamstrings",
          "Quadriceps",
          "Calves"
        ],
        "movement_patterns": [
          "Extension",
          "Anti-Flexion",
          "Anti-Extension",
          "Squat"
        ]
      },
      "elementId": "4:724e8476-4eb5-477d-af18-2ce1d98a9a5a:8"
    }
  },
  {
    "n": {
      "identity": 9,
      "labels": [
        "Exercise"
      ],
      "properties": {
        "description": "Performed in a standing position strict overhead press",
        "category": "Compound",
        "exercise_name": "Overhead Press",
        "target_muscle_groups": [
          "Triceps",
          "Shoulders",
          "Neck",
          "Forearms",
          "Upper Back",
          "Lower Back",
          "Glutes",
          "Abdominals"
        ],
        "movement_patterns": [
          "Anti-Flexion",
          "Anti-Extension",
          "Extension",
          "Vertical Push"
        ]
      },
      "elementId": "4:724e8476-4eb5-477d-af18-2ce1d98a9a5a:9"
    }
  },
  {
    "n": {
      "identity": 10,
      "labels": [
        "Exercise"
      ],
      "properties": {
        "description": "Pull-up performed conventionally with a overhand grip, the bar must reach the neck and sternum area at the top of the repetition",
        "category": "Compound",
        "exercise_name": "Pull-up",
        "target_muscle_groups": [
          "Biceps",
          "Shoulders",
          "Forearms",
          "Upper back",
          "Lats",
          "Abdominals"
        ],
        "movement_patterns": [
          "Flexion",
          "Vertical Pull"
        ]
      },
      "elementId": "4:724e8476-4eb5-477d-af18-2ce1d98a9a5a:10"
    }
  },
  {
    "n": {
      "identity": 11,
      "labels": [
        "TrainingDay"
      ],
      "properties": {
        "week_number": 1,
        "day": "Monday"
      },
      "elementId": "4:724e8476-4eb5-477d-af18-2ce1d98a9a5a:11"
    }
  },
  {
    "n": {
      "identity": 12,
      "labels": [
        "TrainingDay"
      ],
      "properties": {
        "week_number": 1,
        "day": "Wednesday"
      },
      "elementId": "4:724e8476-4eb5-477d-af18-2ce1d98a9a5a:12"
    }
  },
  {
    "n": {
      "identity": 13,
      "labels": [
        "TrainingDay"
      ],
      "properties": {
        "week_number": 1,
        "day": "Friday"
      },
      "elementId": "4:724e8476-4eb5-477d-af18-2ce1d98a9a5a:13"
    }
  },
  {
    "n": {
      "identity": 14,
      "labels": [
        "TrainingDay"
      ],
      "properties": {
        "week_number": 2,
        "day": "Monday"
      },
      "elementId": "4:724e8476-4eb5-477d-af18-2ce1d98a9a5a:14"
    }
  },
  {
    "n": {
      "identity": 15,
      "labels": [
        "TrainingDay"
      ],
      "properties": {
        "week_number": 2,
        "day": "Wednesday"
      },
      "elementId": "4:724e8476-4eb5-477d-af18-2ce1d98a9a5a:15"
    }
  },
  {
    "n": {
      "identity": 16,
      "labels": [
        "TrainingDay"
      ],
      "properties": {
        "week_number": 2,
        "day": "Friday"
      },
      "elementId": "4:724e8476-4eb5-477d-af18-2ce1d98a9a5a:16"
    }
  },
  {
    "n": {
      "identity": 17,
      "labels": [
        "TrainingDay"
      ],
      "properties": {
        "week_number": 3,
        "day": "Monday"
      },
      "elementId": "4:724e8476-4eb5-477d-af18-2ce1d98a9a5a:17"
    }
  },
  {
    "n": {
      "identity": 18,
      "labels": [
        "TrainingDay"
      ],
      "properties": {
        "week_number": 3,
        "day": "Wednesday"
      },
      "elementId": "4:724e8476-4eb5-477d-af18-2ce1d98a9a5a:18"
    }
  },
  {
    "n": {
      "identity": 19,
      "labels": [
        "TrainingDay"
      ],
      "properties": {
        "week_number": 3,
        "day": "Friday"
      },
      "elementId": "4:724e8476-4eb5-477d-af18-2ce1d98a9a5a:19"
    }
  },
  {
    "n": {
      "identity": 20,
      "labels": [
        "TrainingDay"
      ],
      "properties": {
        "week_number": 1,
        "day": "Tuesday"
      },
      "elementId": "4:724e8476-4eb5-477d-af18-2ce1d98a9a5a:20"
    }
  },
  {
    "n": {
      "identity": 21,
      "labels": [
        "ExecutedSets"
      ],
      "properties": {
        "used_weight": 125,
        "executed_repetitions": 3,
        "set_number": 1
      },
      "elementId": "4:724e8476-4eb5-477d-af18-2ce1d98a9a5a:21"
    }
  },
  {
    "n": {
      "identity": 22,
      "labels": [
        "ExecutedSets"
      ],
      "properties": {
        "used_weight": 125,
        "executed_repetitions": 3,
        "set_number": 2
      },
      "elementId": "4:724e8476-4eb5-477d-af18-2ce1d98a9a5a:22"
    }
  },
  {
    "n": {
      "identity": 23,
      "labels": [
        "ExecutedSets"
      ],
      "properties": {
        "used_weight": 125,
        "executed_repetitions": 3,
        "set_number": 3
      },
      "elementId": "4:724e8476-4eb5-477d-af18-2ce1d98a9a5a:23"
    }
  },
  {
    "n": {
      "identity": 24,
      "labels": [
        "ExecutedSets"
      ],
      "properties": {
        "used_weight": 85,
        "executed_repetitions": 3,
        "set_number": 1
      },
      "elementId": "4:724e8476-4eb5-477d-af18-2ce1d98a9a5a:24"
    }
  },
  {
    "n": {
      "identity": 25,
      "labels": [
        "ExecutedSets"
      ],
      "properties": {
        "used_weight": 85,
        "executed_repetitions": 3,
        "set_number": 2
      },
      "elementId": "4:724e8476-4eb5-477d-af18-2ce1d98a9a5a:25"
    }
  },
  {
    "n": {
      "identity": 26,
      "labels": [
        "ExecutedSets"
      ],
      "properties": {
        "used_weight": 85,
        "executed_repetitions": 2,
        "set_number": 3
      },
      "elementId": "4:724e8476-4eb5-477d-af18-2ce1d98a9a5a:26"
    }
  },
  {
    "n": {
      "identity": 27,
      "labels": [
        "ExecutedSets"
      ],
      "properties": {
        "used_weight": 155,
        "executed_repetitions": 3,
        "set_number": 1
      },
      "elementId": "4:724e8476-4eb5-477d-af18-2ce1d98a9a5a:27"
    }
  },
  {
    "n": {
      "identity": 28,
      "labels": [
        "ExecutedSets"
      ],
      "properties": {
        "used_weight": 155,
        "executed_repetitions": 2,
        "set_number": 2
      },
      "elementId": "4:724e8476-4eb5-477d-af18-2ce1d98a9a5a:28"
    }
  },
  {
    "n": {
      "identity": 29,
      "labels": [
        "ExecutedSets"
      ],
      "properties": {
        "used_weight": 155,
        "executed_repetitions": 3,
        "set_number": 3
      },
      "elementId": "4:724e8476-4eb5-477d-af18-2ce1d98a9a5a:29"
    }
  },
  {
    "n": {
      "identity": 30,
      "labels": [
        "ExecutedSets"
      ],
      "properties": {
        "used_weight": 135,
        "executed_repetitions": 2,
        "set_number": 1
      },
      "elementId": "4:724e8476-4eb5-477d-af18-2ce1d98a9a5a:30"
    }
  },
  {
    "n": {
      "identity": 31,
      "labels": [
        "ExecutedSets"
      ],
      "properties": {
        "used_weight": 135,
        "executed_repetitions": 2,
        "set_number": 2
      },
      "elementId": "4:724e8476-4eb5-477d-af18-2ce1d98a9a5a:31"
    }
  },
  {
    "n": {
      "identity": 32,
      "labels": [
        "ExecutedSets"
      ],
      "properties": {
        "used_weight": 135,
        "executed_repetitions": 1,
        "set_number": 3
      },
      "elementId": "4:724e8476-4eb5-477d-af18-2ce1d98a9a5a:32"
    }
  },
  {
    "n": {
      "identity": 33,
      "labels": [
        "ExecutedSets"
      ],
      "properties": {
        "used_weight": 95,
        "executed_repetitions": 2,
        "set_number": 1
      },
      "elementId": "4:724e8476-4eb5-477d-af18-2ce1d98a9a5a:33"
    }
  },
  {
    "n": {
      "identity": 34,
      "labels": [
        "ExecutedSets"
      ],
      "properties": {
        "used_weight": 95,
        "executed_repetitions": 2,
        "set_number": 2
      },
      "elementId": "4:724e8476-4eb5-477d-af18-2ce1d98a9a5a:34"
    }
  },
  {
    "n": {
      "identity": 35,
      "labels": [
        "ExecutedSets"
      ],
      "properties": {
        "used_weight": 95,
        "executed_repetitions": 2,
        "set_number": 3
      },
      "elementId": "4:724e8476-4eb5-477d-af18-2ce1d98a9a5a:35"
    }
  },
  {
    "n": {
      "identity": 36,
      "labels": [
        "ExecutedSets"
      ],
      "properties": {
        "used_weight": 165,
        "executed_repetitions": 1,
        "set_number": 1
      },
      "elementId": "4:724e8476-4eb5-477d-af18-2ce1d98a9a5a:36"
    }
  },
  {
    "n": {
      "identity": 37,
      "labels": [
        "ExecutedSets"
      ],
      "properties": {
        "used_weight": 165,
        "executed_repetitions": 2,
        "set_number": 2
      },
      "elementId": "4:724e8476-4eb5-477d-af18-2ce1d98a9a5a:37"
    }
  },
  {
    "n": {
      "identity": 38,
      "labels": [
        "ExecutedSets"
      ],
      "properties": {
        "used_weight": 165,
        "executed_repetitions": 2,
        "set_number": 3
      },
      "elementId": "4:724e8476-4eb5-477d-af18-2ce1d98a9a5a:38"
    }
  },
  {
    "n": {
      "identity": 39,
      "labels": [
        "ExecutedSets"
      ],
      "properties": {
        "used_weight": 145,
        "executed_repetitions": 1,
        "set_number": 1
      },
      "elementId": "4:724e8476-4eb5-477d-af18-2ce1d98a9a5a:39"
    }
  },
  {
    "n": {
      "identity": 40,
      "labels": [
        "ExecutedSets"
      ],
      "properties": {
        "used_weight": 110,
        "executed_repetitions": 1,
        "set_number": 1
      },
      "elementId": "4:724e8476-4eb5-477d-af18-2ce1d98a9a5a:40"
    }
  },
  {
    "n": {
      "identity": 41,
      "labels": [
        "ExecutedSets"
      ],
      "properties": {
        "used_weight": 175,
        "executed_repetitions": 1,
        "set_number": 1
      },
      "elementId": "4:724e8476-4eb5-477d-af18-2ce1d98a9a5a:41"
    }
  },
  {
    "n": {
      "identity": 42,
      "labels": [
        "ExecutedSets"
      ],
      "properties": {
        "used_weight": 120,
        "executed_repetitions": 1,
        "set_number": 1
      },
      "elementId": "4:724e8476-4eb5-477d-af18-2ce1d98a9a5a:42"
    }
  },
  {
    "n": {
      "identity": 43,
      "labels": [
        "ExecutedSets"
      ],
      "properties": {
        "used_weight": 120,
        "executed_repetitions": 1,
        "set_number": 2
      },
      "elementId": "4:724e8476-4eb5-477d-af18-2ce1d98a9a5a:43"
    }
  },
  {
    "n": {
      "identity": 44,
      "labels": [
        "ExecutedSets"
      ],
      "properties": {
        "used_weight": 120,
        "executed_repetitions": 1,
        "set_number": 3
      },
      "elementId": "4:724e8476-4eb5-477d-af18-2ce1d98a9a5a:44"
    }
  },
  {
    "n": {
      "identity": 45,
      "labels": [
        "ExecutedSets"
      ],
      "properties": {
        "used_weight": 90,
        "executed_repetitions": 3,
        "set_number": 1
      },
      "elementId": "4:724e8476-4eb5-477d-af18-2ce1d98a9a5a:45"
    }
  },
  {
    "n": {
      "identity": 46,
      "labels": [
        "ExecutedSets"
      ],
      "properties": {
        "used_weight": 90,
        "executed_repetitions": 3,
        "set_number": 2
      },
      "elementId": "4:724e8476-4eb5-477d-af18-2ce1d98a9a5a:46"
    }
  },
  {
    "n": {
      "identity": 47,
      "labels": [
        "ExecutedSets"
      ],
      "properties": {
        "used_weight": 90,
        "executed_repetitions": 2,
        "set_number": 3
      },
      "elementId": "4:724e8476-4eb5-477d-af18-2ce1d98a9a5a:47"
    }
  },
  {
    "n": {
      "identity": 48,
      "labels": [
        "ExecutedSets"
      ],
      "properties": {
        "used_weight": 20,
        "executed_repetitions": 5,
        "set_number": 1
      },
      "elementId": "4:724e8476-4eb5-477d-af18-2ce1d98a9a5a:48"
    }
  },
  {
    "n": {
      "identity": 49,
      "labels": [
        "ExecutedSets"
      ],
      "properties": {
        "used_weight": 20,
        "executed_repetitions": 3,
        "set_number": 2
      },
      "elementId": "4:724e8476-4eb5-477d-af18-2ce1d98a9a5a:49"
    }
  },
  {
    "n": {
      "identity": 50,
      "labels": [
        "ExecutedSets"
      ],
      "properties": {
        "used_weight": 20,
        "executed_repetitions": 4,
        "set_number": 3
      },
      "elementId": "4:724e8476-4eb5-477d-af18-2ce1d98a9a5a:50"
    }
  },
  {
    "n": {
      "identity": 51,
      "labels": [
        "ExecutedSets"
      ],
      "properties": {
        "used_weight": 165,
        "executed_repetitions": 2,
        "set_number": 1
      },
      "elementId": "4:724e8476-4eb5-477d-af18-2ce1d98a9a5a:51"
    }
  },
  {
    "n": {
      "identity": 52,
      "labels": [
        "ExecutedSets"
      ],
      "properties": {
        "used_weight": 160,
        "executed_repetitions": 3,
        "set_number": 2
      },
      "elementId": "4:724e8476-4eb5-477d-af18-2ce1d98a9a5a:52"
    }
  },
  {
    "n": {
      "identity": 53,
      "labels": [
        "ExecutedSets"
      ],
      "properties": {
        "used_weight": 160,
        "executed_repetitions": 3,
        "set_number": 3
      },
      "elementId": "4:724e8476-4eb5-477d-af18-2ce1d98a9a5a:53"
    }
  }
]