{
	"info": {
		"_postman_id": "ff0b28d5-7637-4363-a2ab-b8ec4c8bb0f3",
		"name": "Cities",
		"schema": "https://schema.getpostman.com/json/collection/v2.1.0/collection.json",
		"_exporter_id": "42926853"
	},
	"item": [
		{
			"name": "dane wybranego miasta",
			"request": {
				"auth": {
					"type": "noauth"
				},
				"method": "GET",
				"header": [],
				"url": {
					"raw": "localhost/IS_Lab6_REST/cities/read/3400",
					"host": [
						"localhost"
					],
					"path": [
						"IS_Lab6_REST",
						"cities",
						"read",
						"3400"
					]
				}
			},
			"response": []
		}
	]
}